,Step,mean_age,mean_prestige,mean_vanishing_prestige,mean_visibility_prestige,avgcurrentAgentKnowledge,explored_percentage,explored_weighted_by_initial_knowledge,total_initial_knowledge,avg_knowledge_on_grid,best_knowledge,avg_distance_between_agents,percentage_knowledge_harvested
0,0,34.65,0.0,0.0,0.0,0.002310359226383258,0.0,0.0,1,0.002500000000000001,0.005088272366773209,10.126315789473683,-4.440892098500626e-16
1,1,35.65,0.0022617047495638192,0.0022617047495638192,0.0,0.0022626594111502694,0.0,0.0,1,0.00249769213801065,0.005079395193585534,10.126315789473683,0.0009231447957399608
2,2,36.65,0.004473426678173404,0.0044732005076984485,0.0,0.0022157791816367818,0.0,0.0,1,0.002495435278899824,0.005079395193585534,10.126315789473683,0.0018258884400703668
3,3,37.65,0.006636353491795974,0.0066356800012702475,0.0,0.0021649188953535735,0.0,0.0,1,0.002493228210722658,0.005079395193585534,10.126315789473683,0.002708715710936671
4,4,38.65,0.008751641695517294,0.00875030463699144,0.0,0.0021184496637334698,0.0,0.0,1,0.0024910697533719224,0.005079395193585534,10.126315789473683,0.0035720986512310926
